,id_str,file_loc,smooth-or-featured_smooth,smooth-or-featured_featured-or-disk
86887,587739154430820598,/home/colin/data/munch1tb/zoobot_data/gzimg/sdsspng/587739154430820598.png,45.0,1.0
3929,588017571384524935,/home/colin/data/munch1tb/zoobot_data/gzimg/sdsspng/588017571384524935.png,46.0,2.0
79596,587736752473899491,/home/colin/data/munch1tb/zoobot_data/gzimg/sdsspng/587736752473899491.png,35.0,7.0
88539,587736619866652861,/home/colin/data/munch1tb/zoobot_data/gzimg/sdsspng/587736619866652861.png,38.0,7.0
197074,587732482997813498,/home/colin/data/munch1tb/zoobot_data/gzimg/sdsspng/587732482997813498.png,32.0,10.0
172142,587742614562144485,/home/colin/data/munch1tb/zoobot_data/gzimg/sdsspng/587742614562144485.png,32.0,11.0
134523,587728932421632170,/home/colin/data/munch1tb/zoobot_data/gzimg/sdsspng/587728932421632170.png,4.0,31.0
143926,587742865278238877,/home/colin/data/munch1tb/zoobot_data/gzimg/sdsspng/587742865278238877.png,1.0,40.0
44479,587745402543014015,/home/colin/data/munch1tb/zoobot_data/gzimg/sdsspng/587745402543014015.png,44.0,7.0
96501,588017704547778674,/home/colin/data/munch1tb/zoobot_data/gzimg/sdsspng/588017704547778674.png,44.0,3.0
95790,587725992499544272,/home/colin/data/munch1tb/zoobot_data/gzimg/sdsspng/587725992499544272.png,35.0,15.0
29983,587742014890049689,/home/colin/data/munch1tb/zoobot_data/gzimg/sdsspng/587742014890049689.png,34.0,7.0
43176,587733604260511920,/home/colin/data/munch1tb/zoobot_data/gzimg/sdsspng/587733604260511920.png,22.0,12.0
55439,587726016145653902,/home/colin/data/munch1tb/zoobot_data/gzimg/sdsspng/587726016145653902.png,0.0,24.0
132200,587725818571194651,/home/colin/data/munch1tb/zoobot_data/gzimg/sdsspng/587725818571194651.png,43.0,3.0
93694,587736941992476971,/home/colin/data/munch1tb/zoobot_data/gzimg/sdsspng/587736941992476971.png,31.0,5.0
8146,587739708480946181,/home/colin/data/munch1tb/zoobot_data/gzimg/sdsspng/587739708480946181.png,3.0,42.0
11009,587742578060099787,/home/colin/data/munch1tb/zoobot_data/gzimg/sdsspng/587742578060099787.png,30.0,8.0
137646,587738197188215009,/home/colin/data/munch1tb/zoobot_data/gzimg/sdsspng/587738197188215009.png,35.0,9.0
6788,588023045865406507,/home/colin/data/munch1tb/zoobot_data/gzimg/sdsspng/588023045865406507.png,42.0,4.0
18052,587739376166895707,/home/colin/data/munch1tb/zoobot_data/gzimg/sdsspng/587739376166895707.png,13.0,17.0
106661,587725817483427907,/home/colin/data/munch1tb/zoobot_data/gzimg/sdsspng/587725817483427907.png,34.0,6.0
34260,587744874791370929,/home/colin/data/munch1tb/zoobot_data/gzimg/sdsspng/587744874791370929.png,2.0,44.0
115165,588017992310325477,/home/colin/data/munch1tb/zoobot_data/gzimg/sdsspng/588017992310325477.png,20.0,21.0
245,587734950207357061,/home/colin/data/munch1tb/zoobot_data/gzimg/sdsspng/587734950207357061.png,31.0,5.0
33285,587729746837307677,/home/colin/data/munch1tb/zoobot_data/gzimg/sdsspng/587729746837307677.png,41.0,2.0
187454,588010358003204125,/home/colin/data/munch1tb/zoobot_data/gzimg/sdsspng/588010358003204125.png,32.0,7.0
156049,587725039556624565,/home/colin/data/munch1tb/zoobot_data/gzimg/sdsspng/587725039556624565.png,12.0,10.0
8262,587735343185133826,/home/colin/data/munch1tb/zoobot_data/gzimg/sdsspng/587735343185133826.png,8.0,30.0
104355,587742902325608687,/home/colin/data/munch1tb/zoobot_data/gzimg/sdsspng/587742902325608687.png,17.0,20.0
95138,587742629597020341,/home/colin/data/munch1tb/zoobot_data/gzimg/sdsspng/587742629597020341.png,33.0,9.0
200134,587732701799055462,/home/colin/data/munch1tb/zoobot_data/gzimg/sdsspng/587732701799055462.png,40.0,9.0
62139,587737825143226547,/home/colin/data/munch1tb/zoobot_data/gzimg/sdsspng/587737825143226547.png,34.0,4.0
93623,587739303142817807,/home/colin/data/munch1tb/zoobot_data/gzimg/sdsspng/587739303142817807.png,29.0,10.0
129878,588013381667979412,/home/colin/data/munch1tb/zoobot_data/gzimg/sdsspng/588013381667979412.png,12.0,17.0
5526,587726032777183322,/home/colin/data/munch1tb/zoobot_data/gzimg/sdsspng/587726032777183322.png,41.0,2.0
159455,588017702950535335,/home/colin/data/munch1tb/zoobot_data/gzimg/sdsspng/588017702950535335.png,24.0,20.0
109681,587738946680651966,/home/colin/data/munch1tb/zoobot_data/gzimg/sdsspng/587738946680651966.png,41.0,4.0
186265,587730021715935508,/home/colin/data/munch1tb/zoobot_data/gzimg/sdsspng/587730021715935508.png,21.0,20.0
33146,587739721383149823,/home/colin/data/munch1tb/zoobot_data/gzimg/sdsspng/587739721383149823.png,28.0,16.0
127763,588011101029990522,/home/colin/data/munch1tb/zoobot_data/gzimg/sdsspng/588011101029990522.png,36.0,7.0
136035,587731869634527394,/home/colin/data/munch1tb/zoobot_data/gzimg/sdsspng/587731869634527394.png,17.0,11.0
15204,587733398645375305,/home/colin/data/munch1tb/zoobot_data/gzimg/sdsspng/587733398645375305.png,35.0,6.0
102751,587738947195437392,/home/colin/data/munch1tb/zoobot_data/gzimg/sdsspng/587738947195437392.png,43.0,1.0
118770,587739827679199500,/home/colin/data/munch1tb/zoobot_data/gzimg/sdsspng/587739827679199500.png,31.0,8.0
167320,587739646740594743,/home/colin/data/munch1tb/zoobot_data/gzimg/sdsspng/587739646740594743.png,39.0,2.0
108130,588017702388891731,/home/colin/data/munch1tb/zoobot_data/gzimg/sdsspng/588017702388891731.png,8.0,25.0
116651,587725041165795405,/home/colin/data/munch1tb/zoobot_data/gzimg/sdsspng/587725041165795405.png,26.0,16.0
97789,587745539443065025,/home/colin/data/munch1tb/zoobot_data/gzimg/sdsspng/587745539443065025.png,12.0,29.0
62506,587734948595499142,/home/colin/data/munch1tb/zoobot_data/gzimg/sdsspng/587734948595499142.png,36.0,4.0
24783,588023721245671669,/home/colin/data/munch1tb/zoobot_data/gzimg/sdsspng/588023721245671669.png,28.0,8.0
88229,588848901514264682,/home/colin/data/munch1tb/zoobot_data/gzimg/sdsspng/588848901514264682.png,15.0,28.0
3454,587742551751196775,/home/colin/data/munch1tb/zoobot_data/gzimg/sdsspng/587742551751196775.png,33.0,8.0
172086,587734949120901265,/home/colin/data/munch1tb/zoobot_data/gzimg/sdsspng/587734949120901265.png,43.0,4.0
196408,587728931880828994,/home/colin/data/munch1tb/zoobot_data/gzimg/sdsspng/587728931880828994.png,32.0,5.0
12449,587731869092610124,/home/colin/data/munch1tb/zoobot_data/gzimg/sdsspng/587731869092610124.png,47.0,1.0
12577,587729229298335895,/home/colin/data/munch1tb/zoobot_data/gzimg/sdsspng/587729229298335895.png,6.0,23.0
109810,587725774533689553,/home/colin/data/munch1tb/zoobot_data/gzimg/sdsspng/587725774533689553.png,38.0,4.0
30925,587736751930671401,/home/colin/data/munch1tb/zoobot_data/gzimg/sdsspng/587736751930671401.png,39.0,3.0
179366,587733610164191406,/home/colin/data/munch1tb/zoobot_data/gzimg/sdsspng/587733610164191406.png,38.0,4.0
102008,587729228764217508,/home/colin/data/munch1tb/zoobot_data/gzimg/sdsspng/587729228764217508.png,31.0,13.0
68304,588017947213103237,/home/colin/data/munch1tb/zoobot_data/gzimg/sdsspng/588017947213103237.png,38.0,3.0
166679,587742863677980867,/home/colin/data/munch1tb/zoobot_data/gzimg/sdsspng/587742863677980867.png,41.0,4.0
139875,587741532773351720,/home/colin/data/munch1tb/zoobot_data/gzimg/sdsspng/587741532773351720.png,25.0,28.0
121417,587732701262446726,/home/colin/data/munch1tb/zoobot_data/gzimg/sdsspng/587732701262446726.png,36.0,3.0
98767,587737827290841327,/home/colin/data/munch1tb/zoobot_data/gzimg/sdsspng/587737827290841327.png,39.0,9.0
205165,587732049482874963,/home/colin/data/munch1tb/zoobot_data/gzimg/sdsspng/587732049482874963.png,41.0,1.0
4751,588018090541908254,/home/colin/data/munch1tb/zoobot_data/gzimg/sdsspng/588018090541908254.png,28.0,10.0
79651,587729408072614005,/home/colin/data/munch1tb/zoobot_data/gzimg/sdsspng/587729408072614005.png,35.0,3.0
87343,587729386604003527,/home/colin/data/munch1tb/zoobot_data/gzimg/sdsspng/587729386604003527.png,19.0,15.0
28532,587728947975422124,/home/colin/data/munch1tb/zoobot_data/gzimg/sdsspng/587728947975422124.png,43.0,1.0
84845,588848899899064617,/home/colin/data/munch1tb/zoobot_data/gzimg/sdsspng/588848899899064617.png,14.0,34.0
92922,587738568703410265,/home/colin/data/munch1tb/zoobot_data/gzimg/sdsspng/587738568703410265.png,0.0,29.0
116444,587739130811842695,/home/colin/data/munch1tb/zoobot_data/gzimg/sdsspng/587739130811842695.png,8.0,32.0
45376,587745245242065013,/home/colin/data/munch1tb/zoobot_data/gzimg/sdsspng/587745245242065013.png,22.0,12.0
134038,587741726579294355,/home/colin/data/munch1tb/zoobot_data/gzimg/sdsspng/587741726579294355.png,30.0,6.0
176291,587742191515598891,/home/colin/data/munch1tb/zoobot_data/gzimg/sdsspng/587742191515598891.png,0.0,43.0
418,588023046947995725,/home/colin/data/munch1tb/zoobot_data/gzimg/sdsspng/588023046947995725.png,20.0,12.0
61031,587742628526948578,/home/colin/data/munch1tb/zoobot_data/gzimg/sdsspng/587742628526948578.png,34.0,4.0
16520,588017948279898162,/home/colin/data/munch1tb/zoobot_data/gzimg/sdsspng/588017948279898162.png,23.0,13.0
203077,587732484369875061,/home/colin/data/munch1tb/zoobot_data/gzimg/sdsspng/587732484369875061.png,32.0,4.0
13752,588848900465885460,/home/colin/data/munch1tb/zoobot_data/gzimg/sdsspng/588848900465885460.png,23.0,25.0
174233,587732578848931904,/home/colin/data/munch1tb/zoobot_data/gzimg/sdsspng/587732578848931904.png,35.0,6.0
184803,587742061086507121,/home/colin/data/munch1tb/zoobot_data/gzimg/sdsspng/587742061086507121.png,38.0,2.0
10670,587733399721279707,/home/colin/data/munch1tb/zoobot_data/gzimg/sdsspng/587733399721279707.png,40.0,2.0
18336,587741490909151415,/home/colin/data/munch1tb/zoobot_data/gzimg/sdsspng/587741490909151415.png,26.0,5.0
195002,588010135193387117,/home/colin/data/munch1tb/zoobot_data/gzimg/sdsspng/588010135193387117.png,18.0,22.0
73609,587731873389084876,/home/colin/data/munch1tb/zoobot_data/gzimg/sdsspng/587731873389084876.png,39.0,4.0
107833,587729408621609096,/home/colin/data/munch1tb/zoobot_data/gzimg/sdsspng/587729408621609096.png,38.0,5.0
71342,587730022790266887,/home/colin/data/munch1tb/zoobot_data/gzimg/sdsspng/587730022790266887.png,29.0,5.0
154874,587741708344229892,/home/colin/data/munch1tb/zoobot_data/gzimg/sdsspng/587741708344229892.png,31.0,7.0
6992,587741727660834981,/home/colin/data/munch1tb/zoobot_data/gzimg/sdsspng/587741727660834981.png,15.0,29.0
145885,588298664653095033,/home/colin/data/munch1tb/zoobot_data/gzimg/sdsspng/588298664653095033.png,23.0,17.0
138855,587733412055482450,/home/colin/data/munch1tb/zoobot_data/gzimg/sdsspng/587733412055482450.png,35.0,9.0
34567,587726100418724146,/home/colin/data/munch1tb/zoobot_data/gzimg/sdsspng/587726100418724146.png,28.0,14.0
59440,587739706865025206,/home/colin/data/munch1tb/zoobot_data/gzimg/sdsspng/587739706865025206.png,42.0,3.0
150919,587739815855128819,/home/colin/data/munch1tb/zoobot_data/gzimg/sdsspng/587739815855128819.png,2.0,35.0
39022,588848900457431211,/home/colin/data/munch1tb/zoobot_data/gzimg/sdsspng/588848900457431211.png,34.0,4.0
181753,588017605216764026,/home/colin/data/munch1tb/zoobot_data/gzimg/sdsspng/588017605216764026.png,34.0,3.0
190809,587741490352029817,/home/colin/data/munch1tb/zoobot_data/gzimg/sdsspng/587741490352029817.png,46.0,1.0
88231,588011124648247413,/home/colin/data/munch1tb/zoobot_data/gzimg/sdsspng/588011124648247413.png,24.0,9.0
188452,587741420564644083,/home/colin/data/munch1tb/zoobot_data/gzimg/sdsspng/587741420564644083.png,19.0,17.0
40095,587741392104456314,/home/colin/data/munch1tb/zoobot_data/gzimg/sdsspng/587741392104456314.png,38.0,2.0
67777,587741420565365021,/home/colin/data/munch1tb/zoobot_data/gzimg/sdsspng/587741420565365021.png,46.0,14.0
18089,588017992310128823,/home/colin/data/munch1tb/zoobot_data/gzimg/sdsspng/588017992310128823.png,12.0,20.0
29565,587742189377814663,/home/colin/data/munch1tb/zoobot_data/gzimg/sdsspng/587742189377814663.png,31.0,4.0
9056,587725816950947936,/home/colin/data/munch1tb/zoobot_data/gzimg/sdsspng/587725816950947936.png,38.0,2.0
26669,587741721210847354,/home/colin/data/munch1tb/zoobot_data/gzimg/sdsspng/587741721210847354.png,36.0,3.0
111366,587729409157890600,/home/colin/data/munch1tb/zoobot_data/gzimg/sdsspng/587729409157890600.png,23.0,13.0
28996,587726101491614090,/home/colin/data/munch1tb/zoobot_data/gzimg/sdsspng/587726101491614090.png,46.0,5.0
131040,588023721784770748,/home/colin/data/munch1tb/zoobot_data/gzimg/sdsspng/588023721784770748.png,37.0,4.0
153525,587742863673327835,/home/colin/data/munch1tb/zoobot_data/gzimg/sdsspng/587742863673327835.png,1.0,35.0
75266,587738947210182764,/home/colin/data/munch1tb/zoobot_data/gzimg/sdsspng/587738947210182764.png,37.0,7.0
81267,587725576960475376,/home/colin/data/munch1tb/zoobot_data/gzimg/sdsspng/587725576960475376.png,25.0,3.0
140305,587733397572616348,/home/colin/data/munch1tb/zoobot_data/gzimg/sdsspng/587733397572616348.png,26.0,12.0
46776,587728919520280710,/home/colin/data/munch1tb/zoobot_data/gzimg/sdsspng/587728919520280710.png,28.0,5.0
120072,587725816955535463,/home/colin/data/munch1tb/zoobot_data/gzimg/sdsspng/587725816955535463.png,39.0,6.0
63010,587722983911784770,/home/colin/data/munch1tb/zoobot_data/gzimg/sdsspng/587722983911784770.png,30.0,4.0
74970,587738570860462243,/home/colin/data/munch1tb/zoobot_data/gzimg/sdsspng/587738570860462243.png,39.0,2.0
198910,588848898847604885,/home/colin/data/munch1tb/zoobot_data/gzimg/sdsspng/588848898847604885.png,39.0,7.0
169820,588017978359808095,/home/colin/data/munch1tb/zoobot_data/gzimg/sdsspng/588017978359808095.png,41.0,3.0
140364,587741490905153555,/home/colin/data/munch1tb/zoobot_data/gzimg/sdsspng/587741490905153555.png,39.0,4.0
107923,588017704028406064,/home/colin/data/munch1tb/zoobot_data/gzimg/sdsspng/588017704028406064.png,38.0,1.0
164006,587742576997826803,/home/colin/data/munch1tb/zoobot_data/gzimg/sdsspng/587742576997826803.png,38.0,7.0
86099,587736543099486359,/home/colin/data/munch1tb/zoobot_data/gzimg/sdsspng/587736543099486359.png,16.0,21.0
3317,588017606302498908,/home/colin/data/munch1tb/zoobot_data/gzimg/sdsspng/588017606302498908.png,40.0,4.0
165476,587742577528471663,/home/colin/data/munch1tb/zoobot_data/gzimg/sdsspng/587742577528471663.png,42.0,2.0
142422,587725074451988910,/home/colin/data/munch1tb/zoobot_data/gzimg/sdsspng/587725074451988910.png,14.0,17.0
92849,587739844311056552,/home/colin/data/munch1tb/zoobot_data/gzimg/sdsspng/587739844311056552.png,41.0,2.0
73937,587741830192955500,/home/colin/data/munch1tb/zoobot_data/gzimg/sdsspng/587741830192955500.png,10.0,21.0
7305,587742013275897900,/home/colin/data/munch1tb/zoobot_data/gzimg/sdsspng/587742013275897900.png,0.0,44.0
39758,588017703483736179,/home/colin/data/munch1tb/zoobot_data/gzimg/sdsspng/588017703483736179.png,33.0,7.0
60754,587739457765245048,/home/colin/data/munch1tb/zoobot_data/gzimg/sdsspng/587739457765245048.png,39.0,9.0
7751,588017605771460762,/home/colin/data/munch1tb/zoobot_data/gzimg/sdsspng/588017605771460762.png,35.0,16.0
86086,587733441584496773,/home/colin/data/munch1tb/zoobot_data/gzimg/sdsspng/587733441584496773.png,9.0,35.0
161874,588848899387228268,/home/colin/data/munch1tb/zoobot_data/gzimg/sdsspng/588848899387228268.png,9.0,35.0
73253,587739381529640993,/home/colin/data/munch1tb/zoobot_data/gzimg/sdsspng/587739381529640993.png,28.0,7.0
179992,587729652354842942,/home/colin/data/munch1tb/zoobot_data/gzimg/sdsspng/587729652354842942.png,3.0,29.0
8280,588017978345717891,/home/colin/data/munch1tb/zoobot_data/gzimg/sdsspng/588017978345717891.png,14.0,21.0
25463,587735696979001443,/home/colin/data/munch1tb/zoobot_data/gzimg/sdsspng/587735696979001443.png,29.0,8.0
37647,587729231445229925,/home/colin/data/munch1tb/zoobot_data/gzimg/sdsspng/587729231445229925.png,41.0,2.0
7926,588017109677310063,/home/colin/data/munch1tb/zoobot_data/gzimg/sdsspng/588017109677310063.png,24.0,10.0
40393,587742572150128794,/home/colin/data/munch1tb/zoobot_data/gzimg/sdsspng/587742572150128794.png,36.0,3.0
144290,587725589307850893,/home/colin/data/munch1tb/zoobot_data/gzimg/sdsspng/587725589307850893.png,41.0,3.0
47352,587739720847065314,/home/colin/data/munch1tb/zoobot_data/gzimg/sdsspng/587739720847065314.png,4.0,32.0
159349,587738946132115499,/home/colin/data/munch1tb/zoobot_data/gzimg/sdsspng/587738946132115499.png,25.0,15.0
176688,587742610799526052,/home/colin/data/munch1tb/zoobot_data/gzimg/sdsspng/587742610799526052.png,40.0,4.0
207655,588298663575158831,/home/colin/data/munch1tb/zoobot_data/gzimg/sdsspng/588298663575158831.png,37.0,7.0
113007,587728880880517303,/home/colin/data/munch1tb/zoobot_data/gzimg/sdsspng/587728880880517303.png,41.0,1.0
109257,587736619862065440,/home/colin/data/munch1tb/zoobot_data/gzimg/sdsspng/587736619862065440.png,39.0,3.0
107021,588013382740279299,/home/colin/data/munch1tb/zoobot_data/gzimg/sdsspng/588013382740279299.png,33.0,6.0
146451,587739720839725251,/home/colin/data/munch1tb/zoobot_data/gzimg/sdsspng/587739720839725251.png,51.0,2.0
142181,587731890577604664,/home/colin/data/munch1tb/zoobot_data/gzimg/sdsspng/587731890577604664.png,33.0,12.0
49272,587731869094576140,/home/colin/data/munch1tb/zoobot_data/gzimg/sdsspng/587731869094576140.png,18.0,13.0
14870,587725817487622252,/home/colin/data/munch1tb/zoobot_data/gzimg/sdsspng/587725817487622252.png,40.0,1.0
41181,588017723865694349,/home/colin/data/munch1tb/zoobot_data/gzimg/sdsspng/588017723865694349.png,34.0,6.0
210322,587732152027840686,/home/colin/data/munch1tb/zoobot_data/gzimg/sdsspng/587732152027840686.png,43.0,5.0
56329,587742190990590134,/home/colin/data/munch1tb/zoobot_data/gzimg/sdsspng/587742190990590134.png,13.0,21.0
70870,588017606285983750,/home/colin/data/munch1tb/zoobot_data/gzimg/sdsspng/588017606285983750.png,37.0,4.0
169991,587742549606989903,/home/colin/data/munch1tb/zoobot_data/gzimg/sdsspng/587742549606989903.png,34.0,11.0
16332,588017605752586378,/home/colin/data/munch1tb/zoobot_data/gzimg/sdsspng/588017605752586378.png,10.0,22.0
18042,587739809949417658,/home/colin/data/munch1tb/zoobot_data/gzimg/sdsspng/587739809949417658.png,31.0,7.0
131388,587728930263662707,/home/colin/data/munch1tb/zoobot_data/gzimg/sdsspng/587728930263662707.png,16.0,32.0
154225,587739827139510644,/home/colin/data/munch1tb/zoobot_data/gzimg/sdsspng/587739827139510644.png,40.0,3.0
131561,587735694831190140,/home/colin/data/munch1tb/zoobot_data/gzimg/sdsspng/587735694831190140.png,30.0,8.0
36796,588013383800783132,/home/colin/data/munch1tb/zoobot_data/gzimg/sdsspng/588013383800783132.png,14.0,23.0
16084,587736920513118577,/home/colin/data/munch1tb/zoobot_data/gzimg/sdsspng/587736920513118577.png,36.0,1.0
133706,587735489212514485,/home/colin/data/munch1tb/zoobot_data/gzimg/sdsspng/587735489212514485.png,22.0,13.0
13918,588017604673536101,/home/colin/data/munch1tb/zoobot_data/gzimg/sdsspng/588017604673536101.png,21.0,11.0
207741,587738066195906725,/home/colin/data/munch1tb/zoobot_data/gzimg/sdsspng/587738066195906725.png,40.0,3.0
60995,587729227152687115,/home/colin/data/munch1tb/zoobot_data/gzimg/sdsspng/587729227152687115.png,5.0,43.0
172967,588017979416248455,/home/colin/data/munch1tb/zoobot_data/gzimg/sdsspng/588017979416248455.png,29.0,9.0
136501,587733429234892886,/home/colin/data/munch1tb/zoobot_data/gzimg/sdsspng/587733429234892886.png,42.0,3.0
135356,587731501333348521,/home/colin/data/munch1tb/zoobot_data/gzimg/sdsspng/587731501333348521.png,8.0,26.0
118675,587741724963504141,/home/colin/data/munch1tb/zoobot_data/gzimg/sdsspng/587741724963504141.png,32.0,4.0
148917,587733397567766672,/home/colin/data/munch1tb/zoobot_data/gzimg/sdsspng/587733397567766672.png,12.0,31.0
100896,587736541474127896,/home/colin/data/munch1tb/zoobot_data/gzimg/sdsspng/587736541474127896.png,39.0,5.0
56789,587734622173266037,/home/colin/data/munch1tb/zoobot_data/gzimg/sdsspng/587734622173266037.png,42.0,8.0
111188,587741421632618990,/home/colin/data/munch1tb/zoobot_data/gzimg/sdsspng/587741421632618990.png,34.0,4.0
99869,587742014900142091,/home/colin/data/munch1tb/zoobot_data/gzimg/sdsspng/587742014900142091.png,33.0,6.0
150536,588013384351482010,/home/colin/data/munch1tb/zoobot_data/gzimg/sdsspng/588013384351482010.png,40.0,3.0
47857,587732483297771700,/home/colin/data/munch1tb/zoobot_data/gzimg/sdsspng/587732483297771700.png,36.0,7.0
193923,587725551200960649,/home/colin/data/munch1tb/zoobot_data/gzimg/sdsspng/587725551200960649.png,12.0,28.0
36779,587739721370894492,/home/colin/data/munch1tb/zoobot_data/gzimg/sdsspng/587739721370894492.png,15.0,25.0
13638,587733432187617541,/home/colin/data/munch1tb/zoobot_data/gzimg/sdsspng/587733432187617541.png,51.0,3.0
95392,587739131351531734,/home/colin/data/munch1tb/zoobot_data/gzimg/sdsspng/587739131351531734.png,30.0,8.0
132087,587736525373374674,/home/colin/data/munch1tb/zoobot_data/gzimg/sdsspng/587736525373374674.png,46.0,3.0
78409,587732470920249629,/home/colin/data/munch1tb/zoobot_data/gzimg/sdsspng/587732470920249629.png,37.0,4.0
81348,588295841247789191,/home/colin/data/munch1tb/zoobot_data/gzimg/sdsspng/588295841247789191.png,37.0,4.0
199481,587742191527198950,/home/colin/data/munch1tb/zoobot_data/gzimg/sdsspng/587742191527198950.png,31.0,5.0
45494,588017702385287290,/home/colin/data/munch1tb/zoobot_data/gzimg/sdsspng/588017702385287290.png,18.0,20.0
201098,587731500260524242,/home/colin/data/munch1tb/zoobot_data/gzimg/sdsspng/587731500260524242.png,0.0,34.0
68407,588013382728089810,/home/colin/data/munch1tb/zoobot_data/gzimg/sdsspng/588013382728089810.png,16.0,29.0
190589,587742610811519210,/home/colin/data/munch1tb/zoobot_data/gzimg/sdsspng/587742610811519210.png,28.0,10.0
203981,587729159518159244,/home/colin/data/munch1tb/zoobot_data/gzimg/sdsspng/587729159518159244.png,43.0,7.0
115604,587742610271568095,/home/colin/data/munch1tb/zoobot_data/gzimg/sdsspng/587742610271568095.png,3.0,49.0
74897,588017704555249763,/home/colin/data/munch1tb/zoobot_data/gzimg/sdsspng/588017704555249763.png,14.0,31.0
112739,587739304762212554,/home/colin/data/munch1tb/zoobot_data/gzimg/sdsspng/587739304762212554.png,19.0,13.0
104526,587729387157454922,/home/colin/data/munch1tb/zoobot_data/gzimg/sdsspng/587729387157454922.png,35.0,19.0
155359,587732050022695059,/home/colin/data/munch1tb/zoobot_data/gzimg/sdsspng/587732050022695059.png,34.0,2.0
24941,587742189363920996,/home/colin/data/munch1tb/zoobot_data/gzimg/sdsspng/587742189363920996.png,30.0,9.0
16950,587739407299051642,/home/colin/data/munch1tb/zoobot_data/gzimg/sdsspng/587739407299051642.png,31.0,15.0
76897,588017712584785941,/home/colin/data/munch1tb/zoobot_data/gzimg/sdsspng/588017712584785941.png,10.0,23.0
35936,587733080272928900,/home/colin/data/munch1tb/zoobot_data/gzimg/sdsspng/587733080272928900.png,37.0,3.0
97630,588009371221295180,/home/colin/data/munch1tb/zoobot_data/gzimg/sdsspng/588009371221295180.png,0.0,37.0
57899,587733081343000729,/home/colin/data/munch1tb/zoobot_data/gzimg/sdsspng/587733081343000729.png,39.0,4.0
165774,587724650335568060,/home/colin/data/munch1tb/zoobot_data/gzimg/sdsspng/587724650335568060.png,1.0,45.0
58607,587729387680039134,/home/colin/data/munch1tb/zoobot_data/gzimg/sdsspng/587729387680039134.png,19.0,15.0
171756,587730021717311723,/home/colin/data/munch1tb/zoobot_data/gzimg/sdsspng/587730021717311723.png,10.0,33.0
70539,587727866717143451,/home/colin/data/munch1tb/zoobot_data/gzimg/sdsspng/587727866717143451.png,41.0,4.0
104919,587736899037561131,/home/colin/data/munch1tb/zoobot_data/gzimg/sdsspng/587736899037561131.png,22.0,27.0
156906,587732582591234379,/home/colin/data/munch1tb/zoobot_data/gzimg/sdsspng/587732582591234379.png,29.0,3.0
70719,587734894361968820,/home/colin/data/munch1tb/zoobot_data/gzimg/sdsspng/587734894361968820.png,36.0,7.0
41725,587736781999636718,/home/colin/data/munch1tb/zoobot_data/gzimg/sdsspng/587736781999636718.png,2.0,42.0
102333,587736899571810565,/home/colin/data/munch1tb/zoobot_data/gzimg/sdsspng/587736899571810565.png,48.0,8.0
112233,587736809373171819,/home/colin/data/munch1tb/zoobot_data/gzimg/sdsspng/587736809373171819.png,15.0,24.0
146659,587732578848866353,/home/colin/data/munch1tb/zoobot_data/gzimg/sdsspng/587732578848866353.png,38.0,2.0
117144,587732048408936597,/home/colin/data/munch1tb/zoobot_data/gzimg/sdsspng/587732048408936597.png,37.0,5.0
28893,587727942423674957,/home/colin/data/munch1tb/zoobot_data/gzimg/sdsspng/587727942423674957.png,5.0,38.0
50506,587732136450195565,/home/colin/data/munch1tb/zoobot_data/gzimg/sdsspng/587732136450195565.png,10.0,36.0
11500,587733442120646816,/home/colin/data/munch1tb/zoobot_data/gzimg/sdsspng/587733442120646816.png,37.0,6.0
187775,587726033333715183,/home/colin/data/munch1tb/zoobot_data/gzimg/sdsspng/587726033333715183.png,40.0,2.0
142006,587739607545675941,/home/colin/data/munch1tb/zoobot_data/gzimg/sdsspng/587739607545675941.png,23.0,19.0
131084,587729386598826201,/home/colin/data/munch1tb/zoobot_data/gzimg/sdsspng/587729386598826201.png,43.0,2.0
11860,587735742074781933,/home/colin/data/munch1tb/zoobot_data/gzimg/sdsspng/587735742074781933.png,38.0,4.0
209500,588017566564810871,/home/colin/data/munch1tb/zoobot_data/gzimg/sdsspng/588017566564810871.png,33.0,10.0
149730,588007005806395577,/home/colin/data/munch1tb/zoobot_data/gzimg/sdsspng/588007005806395577.png,37.0,4.0
58347,587725552279290019,/home/colin/data/munch1tb/zoobot_data/gzimg/sdsspng/587725552279290019.png,38.0,4.0
194221,588017991773520189,/home/colin/data/munch1tb/zoobot_data/gzimg/sdsspng/588017991773520189.png,20.0,17.0
151672,587731521734640099,/home/colin/data/munch1tb/zoobot_data/gzimg/sdsspng/587731521734640099.png,2.0,42.0
83709,587739607550525561,/home/colin/data/munch1tb/zoobot_data/gzimg/sdsspng/587739607550525561.png,36.0,7.0
32712,587732484899995661,/home/colin/data/munch1tb/zoobot_data/gzimg/sdsspng/587732484899995661.png,32.0,5.0
170593,587738948826234901,/home/colin/data/munch1tb/zoobot_data/gzimg/sdsspng/587738948826234901.png,29.0,9.0
132188,587731889502683360,/home/colin/data/munch1tb/zoobot_data/gzimg/sdsspng/587731889502683360.png,3.0,40.0
57907,587735489211007141,/home/colin/data/munch1tb/zoobot_data/gzimg/sdsspng/587735489211007141.png,37.0,5.0
144097,587739166239097020,/home/colin/data/munch1tb/zoobot_data/gzimg/sdsspng/587739166239097020.png,3.0,50.0
91301,587748929235452103,/home/colin/data/munch1tb/zoobot_data/gzimg/sdsspng/587748929235452103.png,0.0,52.0
143813,587742902869557378,/home/colin/data/munch1tb/zoobot_data/gzimg/sdsspng/587742902869557378.png,1.0,30.0
15678,587739811569991967,/home/colin/data/munch1tb/zoobot_data/gzimg/sdsspng/587739811569991967.png,11.0,30.0
8877,587736900108353702,/home/colin/data/munch1tb/zoobot_data/gzimg/sdsspng/587736900108353702.png,35.0,4.0
34932,587736478670192941,/home/colin/data/munch1tb/zoobot_data/gzimg/sdsspng/587736478670192941.png,10.0,41.0
101157,587729777976672354,/home/colin/data/munch1tb/zoobot_data/gzimg/sdsspng/587729777976672354.png,33.0,13.0
79612,588016878823407951,/home/colin/data/munch1tb/zoobot_data/gzimg/sdsspng/588016878823407951.png,3.0,33.0
176673,588017947212447781,/home/colin/data/munch1tb/zoobot_data/gzimg/sdsspng/588017947212447781.png,41.0,1.0
32347,587727942424068306,/home/colin/data/munch1tb/zoobot_data/gzimg/sdsspng/587727942424068306.png,45.0,4.0
104544,587738947221979214,/home/colin/data/munch1tb/zoobot_data/gzimg/sdsspng/587738947221979214.png,37.0,5.0
2812,587739707410088027,/home/colin/data/munch1tb/zoobot_data/gzimg/sdsspng/587739707410088027.png,34.0,9.0
392,587734841204277794,/home/colin/data/munch1tb/zoobot_data/gzimg/sdsspng/587734841204277794.png,43.0,1.0
98877,587735696986669205,/home/colin/data/munch1tb/zoobot_data/gzimg/sdsspng/587735696986669205.png,35.0,6.0
42253,587729752205230401,/home/colin/data/munch1tb/zoobot_data/gzimg/sdsspng/587729752205230401.png,46.0,6.0
95771,587741490352816626,/home/colin/data/munch1tb/zoobot_data/gzimg/sdsspng/587741490352816626.png,41.0,5.0
46060,588018254833778934,/home/colin/data/munch1tb/zoobot_data/gzimg/sdsspng/588018254833778934.png,34.0,2.0
5947,587736584979218604,/home/colin/data/munch1tb/zoobot_data/gzimg/sdsspng/587736584979218604.png,34.0,4.0
82827,587729233057219022,/home/colin/data/munch1tb/zoobot_data/gzimg/sdsspng/587729233057219022.png,40.0,1.0
95455,587735348016316672,/home/colin/data/munch1tb/zoobot_data/gzimg/sdsspng/587735348016316672.png,46.0,9.0
130690,587742576459841847,/home/colin/data/munch1tb/zoobot_data/gzimg/sdsspng/587742576459841847.png,36.0,4.0
73963,587736478669078745,/home/colin/data/munch1tb/zoobot_data/gzimg/sdsspng/587736478669078745.png,37.0,4.0
148400,587726031712944273,/home/colin/data/munch1tb/zoobot_data/gzimg/sdsspng/587726031712944273.png,40.0,1.0
35575,587732054315172056,/home/colin/data/munch1tb/zoobot_data/gzimg/sdsspng/587732054315172056.png,46.0,2.0
140363,587742549604171859,/home/colin/data/munch1tb/zoobot_data/gzimg/sdsspng/587742549604171859.png,27.0,7.0
15659,588017625622380628,/home/colin/data/munch1tb/zoobot_data/gzimg/sdsspng/588017625622380628.png,35.0,2.0
85325,587726015610486920,/home/colin/data/munch1tb/zoobot_data/gzimg/sdsspng/587726015610486920.png,29.0,7.0
66205,587733399713611922,/home/colin/data/munch1tb/zoobot_data/gzimg/sdsspng/587733399713611922.png,1.0,31.0
88080,588017948824371357,/home/colin/data/munch1tb/zoobot_data/gzimg/sdsspng/588017948824371357.png,26.0,14.0
50862,587735349111685236,/home/colin/data/munch1tb/zoobot_data/gzimg/sdsspng/587735349111685236.png,41.0,2.0
13613,588016890635354226,/home/colin/data/munch1tb/zoobot_data/gzimg/sdsspng/588016890635354226.png,36.0,11.0
177589,587748930306834619,/home/colin/data/munch1tb/zoobot_data/gzimg/sdsspng/587748930306834619.png,37.0,3.0
141967,587732770790441153,/home/colin/data/munch1tb/zoobot_data/gzimg/sdsspng/587732770790441153.png,39.0,5.0
206812,587739706875445426,/home/colin/data/munch1tb/zoobot_data/gzimg/sdsspng/587739706875445426.png,31.0,4.0
173361,587732577769816199,/home/colin/data/munch1tb/zoobot_data/gzimg/sdsspng/587732577769816199.png,13.0,26.0
174874,587735241712140424,/home/colin/data/munch1tb/zoobot_data/gzimg/sdsspng/587735241712140424.png,42.0,6.0
44382,587742863672737948,/home/colin/data/munch1tb/zoobot_data/gzimg/sdsspng/587742863672737948.png,38.0,2.0
43777,587739382594732112,/home/colin/data/munch1tb/zoobot_data/gzimg/sdsspng/587739382594732112.png,1.0,32.0
98737,587739132951199885,/home/colin/data/munch1tb/zoobot_data/gzimg/sdsspng/587739132951199885.png,36.0,9.0
49769,587732772653105276,/home/colin/data/munch1tb/zoobot_data/gzimg/sdsspng/587732772653105276.png,29.0,35.0
82976,587739096454135929,/home/colin/data/munch1tb/zoobot_data/gzimg/sdsspng/587739096454135929.png,27.0,11.0
172372,587748928696680611,/home/colin/data/munch1tb/zoobot_data/gzimg/sdsspng/587748928696680611.png,7.0,43.0
89320,587732482222522485,/home/colin/data/munch1tb/zoobot_data/gzimg/sdsspng/587732482222522485.png,41.0,7.0
34552,587742576992321734,/home/colin/data/munch1tb/zoobot_data/gzimg/sdsspng/587742576992321734.png,47.0,2.0
136512,587742060559335653,/home/colin/data/munch1tb/zoobot_data/gzimg/sdsspng/587742060559335653.png,17.0,14.0
21138,587733411523723375,/home/colin/data/munch1tb/zoobot_data/gzimg/sdsspng/587733411523723375.png,34.0,4.0
185354,588018254303789546,/home/colin/data/munch1tb/zoobot_data/gzimg/sdsspng/588018254303789546.png,46.0,7.0
156195,587732482205221040,/home/colin/data/munch1tb/zoobot_data/gzimg/sdsspng/587732482205221040.png,25.0,15.0
89919,588017729767211185,/home/colin/data/munch1tb/zoobot_data/gzimg/sdsspng/588017729767211185.png,9.0,24.0
145057,587733081884786874,/home/colin/data/munch1tb/zoobot_data/gzimg/sdsspng/587733081884786874.png,31.0,7.0
174789,587729970181701720,/home/colin/data/munch1tb/zoobot_data/gzimg/sdsspng/587729970181701720.png,37.0,6.0
184662,587736782002127077,/home/colin/data/munch1tb/zoobot_data/gzimg/sdsspng/587736782002127077.png,42.0,2.0
211451,587741532251029571,/home/colin/data/munch1tb/zoobot_data/gzimg/sdsspng/587741532251029571.png,35.0,7.0
26850,587739459907485802,/home/colin/data/munch1tb/zoobot_data/gzimg/sdsspng/587739459907485802.png,41.0,3.0
149056,588017723863334965,/home/colin/data/munch1tb/zoobot_data/gzimg/sdsspng/588017723863334965.png,37.0,7.0
93428,587735742620172595,/home/colin/data/munch1tb/zoobot_data/gzimg/sdsspng/587735742620172595.png,13.0,15.0
85072,587739720309342466,/home/colin/data/munch1tb/zoobot_data/gzimg/sdsspng/587739720309342466.png,8.0,32.0
8308,588023239133364469,/home/colin/data/munch1tb/zoobot_data/gzimg/sdsspng/588023239133364469.png,42.0,15.0
59876,587739809961083258,/home/colin/data/munch1tb/zoobot_data/gzimg/sdsspng/587739809961083258.png,29.0,9.0
194541,587729776906600638,/home/colin/data/munch1tb/zoobot_data/gzimg/sdsspng/587729776906600638.png,28.0,6.0
55059,587732053780725998,/home/colin/data/munch1tb/zoobot_data/gzimg/sdsspng/587732053780725998.png,16.0,31.0
123251,587741490902597767,/home/colin/data/munch1tb/zoobot_data/gzimg/sdsspng/587741490902597767.png,49.0,2.0
119388,587729781200781700,/home/colin/data/munch1tb/zoobot_data/gzimg/sdsspng/587729781200781700.png,26.0,11.0
200873,587742060542296276,/home/colin/data/munch1tb/zoobot_data/gzimg/sdsspng/587742060542296276.png,40.0,0.0
170792,587742576440705090,/home/colin/data/munch1tb/zoobot_data/gzimg/sdsspng/587742576440705090.png,29.0,10.0
20329,587739719758774428,/home/colin/data/munch1tb/zoobot_data/gzimg/sdsspng/587739719758774428.png,37.0,0.0
94978,588013382724813014,/home/colin/data/munch1tb/zoobot_data/gzimg/sdsspng/588013382724813014.png,33.0,9.0
163962,587739843774447780,/home/colin/data/munch1tb/zoobot_data/gzimg/sdsspng/587739843774447780.png,36.0,8.0
84201,587739809955119348,/home/colin/data/munch1tb/zoobot_data/gzimg/sdsspng/587739809955119348.png,42.0,3.0
120342,587729387153064057,/home/colin/data/munch1tb/zoobot_data/gzimg/sdsspng/587729387153064057.png,17.0,25.0
92372,587732482195062983,/home/colin/data/munch1tb/zoobot_data/gzimg/sdsspng/587732482195062983.png,43.0,1.0
185699,587735044152295439,/home/colin/data/munch1tb/zoobot_data/gzimg/sdsspng/587735044152295439.png,37.0,7.0
54705,588017948820963365,/home/colin/data/munch1tb/zoobot_data/gzimg/sdsspng/588017948820963365.png,40.0,0.0
12495,587729387686592701,/home/colin/data/munch1tb/zoobot_data/gzimg/sdsspng/587729387686592701.png,15.0,22.0
9735,587726014000595109,/home/colin/data/munch1tb/zoobot_data/gzimg/sdsspng/587726014000595109.png,38.0,4.0
147436,587728676856791187,/home/colin/data/munch1tb/zoobot_data/gzimg/sdsspng/587728676856791187.png,38.0,3.0
200582,587733604262805736,/home/colin/data/munch1tb/zoobot_data/gzimg/sdsspng/587733604262805736.png,26.0,12.0
134875,587742629055627321,/home/colin/data/munch1tb/zoobot_data/gzimg/sdsspng/587742629055627321.png,5.0,23.0
172135,588016892251078783,/home/colin/data/munch1tb/zoobot_data/gzimg/sdsspng/588016892251078783.png,33.0,7.0
90268,587736813672595681,/home/colin/data/munch1tb/zoobot_data/gzimg/sdsspng/587736813672595681.png,7.0,39.0
29246,588017977816318035,/home/colin/data/munch1tb/zoobot_data/gzimg/sdsspng/588017977816318035.png,43.0,2.0
54680,587738952029110403,/home/colin/data/munch1tb/zoobot_data/gzimg/sdsspng/587738952029110403.png,12.0,30.0
70629,588017979437285482,/home/colin/data/munch1tb/zoobot_data/gzimg/sdsspng/588017979437285482.png,38.0,5.0
45002,587725471208833135,/home/colin/data/munch1tb/zoobot_data/gzimg/sdsspng/587725471208833135.png,39.0,2.0
116279,587735349085077852,/home/colin/data/munch1tb/zoobot_data/gzimg/sdsspng/587735349085077852.png,36.0,12.0
55228,588018089471312149,/home/colin/data/munch1tb/zoobot_data/gzimg/sdsspng/588018089471312149.png,34.0,6.0
20562,587739406754840723,/home/colin/data/munch1tb/zoobot_data/gzimg/sdsspng/587739406754840723.png,17.0,35.0
19737,587742061630914759,/home/colin/data/munch1tb/zoobot_data/gzimg/sdsspng/587742061630914759.png,46.0,1.0
57161,588017979958034594,/home/colin/data/munch1tb/zoobot_data/gzimg/sdsspng/588017979958034594.png,29.0,9.0
25150,587735347500417057,/home/colin/data/munch1tb/zoobot_data/gzimg/sdsspng/587735347500417057.png,33.0,0.0
63110,587735347502645268,/home/colin/data/munch1tb/zoobot_data/gzimg/sdsspng/587735347502645268.png,40.0,7.0
58284,587739608634884104,/home/colin/data/munch1tb/zoobot_data/gzimg/sdsspng/587739608634884104.png,33.0,5.0
185945,587738196649378084,/home/colin/data/munch1tb/zoobot_data/gzimg/sdsspng/587738196649378084.png,42.0,5.0
42362,588017704003829865,/home/colin/data/munch1tb/zoobot_data/gzimg/sdsspng/588017704003829865.png,34.0,2.0
4880,587737809030873335,/home/colin/data/munch1tb/zoobot_data/gzimg/sdsspng/587737809030873335.png,22.0,16.0
79174,587728947975946335,/home/colin/data/munch1tb/zoobot_data/gzimg/sdsspng/587728947975946335.png,12.0,27.0
95915,587732702335008871,/home/colin/data/munch1tb/zoobot_data/gzimg/sdsspng/587732702335008871.png,26.0,11.0
39537,587736619319886123,/home/colin/data/munch1tb/zoobot_data/gzimg/sdsspng/587736619319886123.png,31.0,7.0
185947,587741533302292885,/home/colin/data/munch1tb/zoobot_data/gzimg/sdsspng/587741533302292885.png,32.0,13.0
22214,587733427626705048,/home/colin/data/munch1tb/zoobot_data/gzimg/sdsspng/587733427626705048.png,31.0,9.0
180739,587736543628230828,/home/colin/data/munch1tb/zoobot_data/gzimg/sdsspng/587736543628230828.png,12.0,26.0
13479,587741489837047938,/home/colin/data/munch1tb/zoobot_data/gzimg/sdsspng/587741489837047938.png,39.0,4.0
25704,587732771032007024,/home/colin/data/munch1tb/zoobot_data/gzimg/sdsspng/587732771032007024.png,47.0,7.0
146723,587739810491728248,/home/colin/data/munch1tb/zoobot_data/gzimg/sdsspng/587739810491728248.png,1.0,36.0
72338,587736914605899961,/home/colin/data/munch1tb/zoobot_data/gzimg/sdsspng/587736914605899961.png,31.0,9.0
51402,587729160575189139,/home/colin/data/munch1tb/zoobot_data/gzimg/sdsspng/587729160575189139.png,36.0,3.0
69328,587739408408772827,/home/colin/data/munch1tb/zoobot_data/gzimg/sdsspng/587739408408772827.png,39.0,7.0
4942,587741602571485283,/home/colin/data/munch1tb/zoobot_data/gzimg/sdsspng/587741602571485283.png,35.0,5.0
105540,587738568702820465,/home/colin/data/munch1tb/zoobot_data/gzimg/sdsspng/587738568702820465.png,20.0,21.0
29871,587745244702113914,/home/colin/data/munch1tb/zoobot_data/gzimg/sdsspng/587745244702113914.png,46.0,6.0
8830,587734862143291613,/home/colin/data/munch1tb/zoobot_data/gzimg/sdsspng/587734862143291613.png,16.0,29.0
25699,587735662089732341,/home/colin/data/munch1tb/zoobot_data/gzimg/sdsspng/587735662089732341.png,33.0,11.0
139166,587729408609026161,/home/colin/data/munch1tb/zoobot_data/gzimg/sdsspng/587729408609026161.png,20.0,22.0
53973,587739829277032598,/home/colin/data/munch1tb/zoobot_data/gzimg/sdsspng/587739829277032598.png,36.0,4.0
110438,587734950206373997,/home/colin/data/munch1tb/zoobot_data/gzimg/sdsspng/587734950206373997.png,36.0,4.0
144027,587739720299577397,/home/colin/data/munch1tb/zoobot_data/gzimg/sdsspng/587739720299577397.png,8.0,22.0
98203,587741816240799994,/home/colin/data/munch1tb/zoobot_data/gzimg/sdsspng/587741816240799994.png,34.0,10.0
194036,587729652887912660,/home/colin/data/munch1tb/zoobot_data/gzimg/sdsspng/587729652887912660.png,2.0,38.0
83961,588018091079041281,/home/colin/data/munch1tb/zoobot_data/gzimg/sdsspng/588018091079041281.png,6.0,31.0
8203,588297863113408595,/home/colin/data/munch1tb/zoobot_data/gzimg/sdsspng/588297863113408595.png,15.0,10.0
64113,587739719763099816,/home/colin/data/munch1tb/zoobot_data/gzimg/sdsspng/587739719763099816.png,33.0,5.0
49435,587738065658380515,/home/colin/data/munch1tb/zoobot_data/gzimg/sdsspng/587738065658380515.png,49.0,3.0
187802,587742014899290195,/home/colin/data/munch1tb/zoobot_data/gzimg/sdsspng/587742014899290195.png,31.0,7.0
203641,588017726022353087,/home/colin/data/munch1tb/zoobot_data/gzimg/sdsspng/588017726022353087.png,35.0,1.0
138843,587732482752380968,/home/colin/data/munch1tb/zoobot_data/gzimg/sdsspng/587732482752380968.png,31.0,5.0
90785,587736524298059914,/home/colin/data/munch1tb/zoobot_data/gzimg/sdsspng/587736524298059914.png,31.0,7.0
19674,587729231984787962,/home/colin/data/munch1tb/zoobot_data/gzimg/sdsspng/587729231984787962.png,36.0,6.0
5184,588010136806228097,/home/colin/data/munch1tb/zoobot_data/gzimg/sdsspng/588010136806228097.png,36.0,7.0
175572,587741817325355078,/home/colin/data/munch1tb/zoobot_data/gzimg/sdsspng/587741817325355078.png,28.0,18.0
114026,587734862143488086,/home/colin/data/munch1tb/zoobot_data/gzimg/sdsspng/587734862143488086.png,28.0,22.0
32149,587741722823753905,/home/colin/data/munch1tb/zoobot_data/gzimg/sdsspng/587741722823753905.png,36.0,4.0
48865,587745243615134377,/home/colin/data/munch1tb/zoobot_data/gzimg/sdsspng/587745243615134377.png,19.0,26.0
187809,587725816949112997,/home/colin/data/munch1tb/zoobot_data/gzimg/sdsspng/587725816949112997.png,24.0,8.0
54610,587726016679248009,/home/colin/data/munch1tb/zoobot_data/gzimg/sdsspng/587726016679248009.png,37.0,4.0
187727,587739646199267454,/home/colin/data/munch1tb/zoobot_data/gzimg/sdsspng/587739646199267454.png,40.0,8.0
120838,587734948048470022,/home/colin/data/munch1tb/zoobot_data/gzimg/sdsspng/587734948048470022.png,43.0,7.0
17891,587725503945376040,/home/colin/data/munch1tb/zoobot_data/gzimg/sdsspng/587725503945376040.png,2.0,48.0
203693,587735695381037138,/home/colin/data/munch1tb/zoobot_data/gzimg/sdsspng/587735695381037138.png,2.0,29.0
158010,587742775626694839,/home/colin/data/munch1tb/zoobot_data/gzimg/sdsspng/587742775626694839.png,37.0,6.0
189294,587738947213721781,/home/colin/data/munch1tb/zoobot_data/gzimg/sdsspng/587738947213721781.png,14.0,21.0
80355,587739810484584467,/home/colin/data/munch1tb/zoobot_data/gzimg/sdsspng/587739810484584467.png,29.0,12.0
176438,587732483290693742,/home/colin/data/munch1tb/zoobot_data/gzimg/sdsspng/587732483290693742.png,3.0,35.0
174736,588017722260324478,/home/colin/data/munch1tb/zoobot_data/gzimg/sdsspng/588017722260324478.png,40.0,1.0
206780,587739294013915265,/home/colin/data/munch1tb/zoobot_data/gzimg/sdsspng/587739294013915265.png,35.0,6.0
72404,588017111828070437,/home/colin/data/munch1tb/zoobot_data/gzimg/sdsspng/588017111828070437.png,29.0,10.0
117292,588010878220304478,/home/colin/data/munch1tb/zoobot_data/gzimg/sdsspng/588010878220304478.png,35.0,2.0
44473,587738947194585541,/home/colin/data/munch1tb/zoobot_data/gzimg/sdsspng/587738947194585541.png,43.0,3.0
75894,588013383281344597,/home/colin/data/munch1tb/zoobot_data/gzimg/sdsspng/588013383281344597.png,1.0,46.0
51305,587725590381723954,/home/colin/data/munch1tb/zoobot_data/gzimg/sdsspng/587725590381723954.png,40.0,6.0
65588,587736543099617597,/home/colin/data/munch1tb/zoobot_data/gzimg/sdsspng/587736543099617597.png,36.0,3.0
166483,587737810112807183,/home/colin/data/munch1tb/zoobot_data/gzimg/sdsspng/587737810112807183.png,26.0,14.0
14977,587742188833210477,/home/colin/data/munch1tb/zoobot_data/gzimg/sdsspng/587742188833210477.png,1.0,49.0
89191,587728905026928970,/home/colin/data/munch1tb/zoobot_data/gzimg/sdsspng/587728905026928970.png,4.0,34.0
72141,587732590908866683,/home/colin/data/munch1tb/zoobot_data/gzimg/sdsspng/587732590908866683.png,2.0,38.0
145062,587739827664978052,/home/colin/data/munch1tb/zoobot_data/gzimg/sdsspng/587739827664978052.png,3.0,38.0
64047,587741722823819521,/home/colin/data/munch1tb/zoobot_data/gzimg/sdsspng/587741722823819521.png,34.0,7.0
16264,587726031725920477,/home/colin/data/munch1tb/zoobot_data/gzimg/sdsspng/587726031725920477.png,3.0,32.0
38456,587728879268200565,/home/colin/data/munch1tb/zoobot_data/gzimg/sdsspng/587728879268200565.png,2.0,29.0
33790,587736941987954907,/home/colin/data/munch1tb/zoobot_data/gzimg/sdsspng/587736941987954907.png,36.0,4.0
172469,587725818557038774,/home/colin/data/munch1tb/zoobot_data/gzimg/sdsspng/587725818557038774.png,40.0,3.0
194116,587742573756481701,/home/colin/data/munch1tb/zoobot_data/gzimg/sdsspng/587742573756481701.png,32.0,5.0
149182,587742864210395242,/home/colin/data/munch1tb/zoobot_data/gzimg/sdsspng/587742864210395242.png,16.0,17.0
140289,588017729768718492,/home/colin/data/munch1tb/zoobot_data/gzimg/sdsspng/588017729768718492.png,35.0,6.0
83503,587742902866673816,/home/colin/data/munch1tb/zoobot_data/gzimg/sdsspng/587742902866673816.png,25.0,14.0
81810,587732703404359829,/home/colin/data/munch1tb/zoobot_data/gzimg/sdsspng/587732703404359829.png,42.0,4.0
127701,587728880882090126,/home/colin/data/munch1tb/zoobot_data/gzimg/sdsspng/587728880882090126.png,20.0,19.0
118140,587741533846438116,/home/colin/data/munch1tb/zoobot_data/gzimg/sdsspng/587741533846438116.png,41.0,9.0
48616,588848898851602576,/home/colin/data/munch1tb/zoobot_data/gzimg/sdsspng/588848898851602576.png,1.0,30.0
99962,587729158968901733,/home/colin/data/munch1tb/zoobot_data/gzimg/sdsspng/587729158968901733.png,39.0,5.0
204000,588018253764624600,/home/colin/data/munch1tb/zoobot_data/gzimg/sdsspng/588018253764624600.png,18.0,28.0
75543,587729227154063492,/home/colin/data/munch1tb/zoobot_data/gzimg/sdsspng/587729227154063492.png,31.0,20.0
23767,587739706328547392,/home/colin/data/munch1tb/zoobot_data/gzimg/sdsspng/587739706328547392.png,27.0,7.0
2170,587739719755432038,/home/colin/data/munch1tb/zoobot_data/gzimg/sdsspng/587739719755432038.png,18.0,24.0
113874,587732471460331706,/home/colin/data/munch1tb/zoobot_data/gzimg/sdsspng/587732471460331706.png,30.0,12.0
7803,587739457225162943,/home/colin/data/munch1tb/zoobot_data/gzimg/sdsspng/587739457225162943.png,32.0,1.0
206551,588010358011920536,/home/colin/data/munch1tb/zoobot_data/gzimg/sdsspng/588010358011920536.png,17.0,30.0
14213,587738575145992445,/home/colin/data/munch1tb/zoobot_data/gzimg/sdsspng/587738575145992445.png,28.0,12.0
51475,588017947210547303,/home/colin/data/munch1tb/zoobot_data/gzimg/sdsspng/588017947210547303.png,31.0,7.0
27311,587732053235859941,/home/colin/data/munch1tb/zoobot_data/gzimg/sdsspng/587732053235859941.png,40.0,3.0
108060,587729751670194376,/home/colin/data/munch1tb/zoobot_data/gzimg/sdsspng/587729751670194376.png,42.0,3.0
1506,587742903404462218,/home/colin/data/munch1tb/zoobot_data/gzimg/sdsspng/587742903404462218.png,39.0,5.0
187743,587729157890572413,/home/colin/data/munch1tb/zoobot_data/gzimg/sdsspng/587729157890572413.png,0.0,33.0
91199,587739407840575679,/home/colin/data/munch1tb/zoobot_data/gzimg/sdsspng/587739407840575679.png,1.0,30.0
183682,587742014902239342,/home/colin/data/munch1tb/zoobot_data/gzimg/sdsspng/587742014902239342.png,3.0,44.0
172854,587739407843131459,/home/colin/data/munch1tb/zoobot_data/gzimg/sdsspng/587739407843131459.png,25.0,12.0
8504,588017979965898809,/home/colin/data/munch1tb/zoobot_data/gzimg/sdsspng/588017979965898809.png,37.0,2.0
119523,587739131878113485,/home/colin/data/munch1tb/zoobot_data/gzimg/sdsspng/587739131878113485.png,3.0,38.0
187566,587738411396432052,/home/colin/data/munch1tb/zoobot_data/gzimg/sdsspng/587738411396432052.png,47.0,8.0
187961,587731891112312918,/home/colin/data/munch1tb/zoobot_data/gzimg/sdsspng/587731891112312918.png,1.0,33.0
87174,587735348571078671,/home/colin/data/munch1tb/zoobot_data/gzimg/sdsspng/587735348571078671.png,1.0,32.0
181804,587735348555350284,/home/colin/data/munch1tb/zoobot_data/gzimg/sdsspng/587735348555350284.png,49.0,5.0
91096,588007004186673325,/home/colin/data/munch1tb/zoobot_data/gzimg/sdsspng/588007004186673325.png,32.0,5.0
51109,587736541486252262,/home/colin/data/munch1tb/zoobot_data/gzimg/sdsspng/587736541486252262.png,44.0,2.0
109936,588848899921936564,/home/colin/data/munch1tb/zoobot_data/gzimg/sdsspng/588848899921936564.png,33.0,5.0
158060,587736586036117798,/home/colin/data/munch1tb/zoobot_data/gzimg/sdsspng/587736586036117798.png,30.0,10.0
76917,587732054854205467,/home/colin/data/munch1tb/zoobot_data/gzimg/sdsspng/587732054854205467.png,38.0,2.0
69956,587722982830375059,/home/colin/data/munch1tb/zoobot_data/gzimg/sdsspng/587722982830375059.png,0.0,30.0
17308,588017704007237686,/home/colin/data/munch1tb/zoobot_data/gzimg/sdsspng/588017704007237686.png,4.0,32.0
163548,587741531718549673,/home/colin/data/munch1tb/zoobot_data/gzimg/sdsspng/587741531718549673.png,37.0,7.0
46158,587739158189965465,/home/colin/data/munch1tb/zoobot_data/gzimg/sdsspng/587739158189965465.png,48.0,2.0
146665,587738066730680704,/home/colin/data/munch1tb/zoobot_data/gzimg/sdsspng/587738066730680704.png,3.0,47.0
192549,588017947202945151,/home/colin/data/munch1tb/zoobot_data/gzimg/sdsspng/588017947202945151.png,38.0,5.0
166041,587734623237636408,/home/colin/data/munch1tb/zoobot_data/gzimg/sdsspng/587734623237636408.png,36.0,3.0
35408,588010359075832019,/home/colin/data/munch1tb/zoobot_data/gzimg/sdsspng/588010359075832019.png,30.0,8.0
101729,587739376697868483,/home/colin/data/munch1tb/zoobot_data/gzimg/sdsspng/587739376697868483.png,25.0,5.0
142321,587742061085917371,/home/colin/data/munch1tb/zoobot_data/gzimg/sdsspng/587742061085917371.png,22.0,20.0
114086,587742551212228910,/home/colin/data/munch1tb/zoobot_data/gzimg/sdsspng/587742551212228910.png,13.0,28.0
170978,588017730836955238,/home/colin/data/munch1tb/zoobot_data/gzimg/sdsspng/588017730836955238.png,40.0,3.0
26429,587739810498413064,/home/colin/data/munch1tb/zoobot_data/gzimg/sdsspng/587739810498413064.png,36.0,4.0
202166,588010877687496836,/home/colin/data/munch1tb/zoobot_data/gzimg/sdsspng/588010877687496836.png,25.0,25.0
38034,587742610268881117,/home/colin/data/munch1tb/zoobot_data/gzimg/sdsspng/587742610268881117.png,26.0,9.0
109608,588017604152328299,/home/colin/data/munch1tb/zoobot_data/gzimg/sdsspng/588017604152328299.png,26.0,14.0
100871,587738196110410103,/home/colin/data/munch1tb/zoobot_data/gzimg/sdsspng/587738196110410103.png,2.0,39.0
134101,588010877683236998,/home/colin/data/munch1tb/zoobot_data/gzimg/sdsspng/588010877683236998.png,38.0,1.0
29041,587739406776729771,/home/colin/data/munch1tb/zoobot_data/gzimg/sdsspng/587739406776729771.png,46.0,3.0
11308,587735043619291237,/home/colin/data/munch1tb/zoobot_data/gzimg/sdsspng/587735043619291237.png,24.0,17.0
192998,587726032780853367,/home/colin/data/munch1tb/zoobot_data/gzimg/sdsspng/587726032780853367.png,38.0,4.0
24758,587724650866147471,/home/colin/data/munch1tb/zoobot_data/gzimg/sdsspng/587724650866147471.png,29.0,7.0
192021,587742575371616367,/home/colin/data/munch1tb/zoobot_data/gzimg/sdsspng/587742575371616367.png,24.0,18.0
144272,587738617564168360,/home/colin/data/munch1tb/zoobot_data/gzimg/sdsspng/587738617564168360.png,11.0,25.0
144037,588013383263518776,/home/colin/data/munch1tb/zoobot_data/gzimg/sdsspng/588013383263518776.png,1.0,31.0
156522,588017730298839136,/home/colin/data/munch1tb/zoobot_data/gzimg/sdsspng/588017730298839136.png,34.0,4.0
43465,587742062694105245,/home/colin/data/munch1tb/zoobot_data/gzimg/sdsspng/587742062694105245.png,39.0,5.0
72460,587742610805227798,/home/colin/data/munch1tb/zoobot_data/gzimg/sdsspng/587742610805227798.png,6.0,40.0
130556,588295841783087145,/home/colin/data/munch1tb/zoobot_data/gzimg/sdsspng/588295841783087145.png,0.0,31.0
128750,587736477054664946,/home/colin/data/munch1tb/zoobot_data/gzimg/sdsspng/587736477054664946.png,14.0,34.0
186217,587741829122555934,/home/colin/data/munch1tb/zoobot_data/gzimg/sdsspng/587741829122555934.png,21.0,10.0
133270,587741819989590240,/home/colin/data/munch1tb/zoobot_data/gzimg/sdsspng/587741819989590240.png,5.0,35.0
72716,587729157895422185,/home/colin/data/munch1tb/zoobot_data/gzimg/sdsspng/587729157895422185.png,39.0,3.0
190942,587736619861999784,/home/colin/data/munch1tb/zoobot_data/gzimg/sdsspng/587736619861999784.png,49.0,3.0
168606,587734622705942569,/home/colin/data/munch1tb/zoobot_data/gzimg/sdsspng/587734622705942569.png,36.0,1.0
204973,587731522822013019,/home/colin/data/munch1tb/zoobot_data/gzimg/sdsspng/587731522822013019.png,24.0,12.0
33327,587731521740079321,/home/colin/data/munch1tb/zoobot_data/gzimg/sdsspng/587731521740079321.png,21.0,13.0
151692,587725817479233723,/home/colin/data/munch1tb/zoobot_data/gzimg/sdsspng/587725817479233723.png,32.0,2.0
198111,587729408620036378,/home/colin/data/munch1tb/zoobot_data/gzimg/sdsspng/587729408620036378.png,9.0,22.0
43933,588018091079631157,/home/colin/data/munch1tb/zoobot_data/gzimg/sdsspng/588018091079631157.png,16.0,22.0
70232,587739708490973315,/home/colin/data/munch1tb/zoobot_data/gzimg/sdsspng/587739708490973315.png,2.0,35.0
105466,587739407867576458,/home/colin/data/munch1tb/zoobot_data/gzimg/sdsspng/587739407867576458.png,19.0,24.0
25988,587731886271889696,/home/colin/data/munch1tb/zoobot_data/gzimg/sdsspng/587731886271889696.png,15.0,29.0
45527,587742904480104543,/home/colin/data/munch1tb/zoobot_data/gzimg/sdsspng/587742904480104543.png,37.0,5.0
88176,587736808304345237,/home/colin/data/munch1tb/zoobot_data/gzimg/sdsspng/587736808304345237.png,47.0,2.0
123804,587736940369346670,/home/colin/data/munch1tb/zoobot_data/gzimg/sdsspng/587736940369346670.png,33.0,7.0
60744,587735348023656609,/home/colin/data/munch1tb/zoobot_data/gzimg/sdsspng/587735348023656609.png,38.0,8.0
106936,587732591715352749,/home/colin/data/munch1tb/zoobot_data/gzimg/sdsspng/587732591715352749.png,2.0,28.0
62151,587734690350366946,/home/colin/data/munch1tb/zoobot_data/gzimg/sdsspng/587734690350366946.png,16.0,23.0
117321,588297865792323710,/home/colin/data/munch1tb/zoobot_data/gzimg/sdsspng/588297865792323710.png,5.0,28.0
198811,587736753013064151,/home/colin/data/munch1tb/zoobot_data/gzimg/sdsspng/587736753013064151.png,26.0,12.0
140468,587739631704604743,/home/colin/data/munch1tb/zoobot_data/gzimg/sdsspng/587739631704604743.png,39.0,2.0
96767,587741724971040922,/home/colin/data/munch1tb/zoobot_data/gzimg/sdsspng/587741724971040922.png,41.0,2.0
122390,587728931884302441,/home/colin/data/munch1tb/zoobot_data/gzimg/sdsspng/587728931884302441.png,33.0,3.0
181949,588016878289223800,/home/colin/data/munch1tb/zoobot_data/gzimg/sdsspng/588016878289223800.png,37.0,1.0
102644,587736585500229721,/home/colin/data/munch1tb/zoobot_data/gzimg/sdsspng/587736585500229721.png,36.0,5.0
50580,587729227690934311,/home/colin/data/munch1tb/zoobot_data/gzimg/sdsspng/587729227690934311.png,34.0,6.0
57071,587735044693950618,/home/colin/data/munch1tb/zoobot_data/gzimg/sdsspng/587735044693950618.png,38.0,4.0
111699,587739814242615365,/home/colin/data/munch1tb/zoobot_data/gzimg/sdsspng/587739814242615365.png,27.0,12.0
139797,587734893289472090,/home/colin/data/munch1tb/zoobot_data/gzimg/sdsspng/587734893289472090.png,39.0,4.0
17923,587728308022739062,/home/colin/data/munch1tb/zoobot_data/gzimg/sdsspng/587728308022739062.png,39.0,1.0
62643,587726033330897066,/home/colin/data/munch1tb/zoobot_data/gzimg/sdsspng/587726033330897066.png,2.0,48.0
148939,587741817859604490,/home/colin/data/munch1tb/zoobot_data/gzimg/sdsspng/587741817859604490.png,23.0,12.0
119356,588010358012510464,/home/colin/data/munch1tb/zoobot_data/gzimg/sdsspng/588010358012510464.png,35.0,3.0
172530,588017947743420548,/home/colin/data/munch1tb/zoobot_data/gzimg/sdsspng/588017947743420548.png,16.0,22.0
66687,588848900982309108,/home/colin/data/munch1tb/zoobot_data/gzimg/sdsspng/588848900982309108.png,10.0,21.0
26745,588017115593572525,/home/colin/data/munch1tb/zoobot_data/gzimg/sdsspng/588017115593572525.png,36.0,5.0
60285,587736783075279216,/home/colin/data/munch1tb/zoobot_data/gzimg/sdsspng/587736783075279216.png,15.0,31.0
75019,587726032776593461,/home/colin/data/munch1tb/zoobot_data/gzimg/sdsspng/587726032776593461.png,32.0,0.0
